image_path,mask_path
ML2432B6.jpg,ML2432B6_mask.png
ML4544B1.jpg,ML4544B1_mask.png
HI12005807M1.jpg,HI12005807M1_mask.png
ML1742B2.jpg,ML1742B2_mask.png
EM9486B1.jpg,EM9486B1_mask.png
ML1745B13.jpg,ML1745B13_mask.png
ML4794N2.jpg,ML4794N2_mask.png
ML2284B1.jpg,ML2284B1_mask.png
ML7379B1.jpg,ML7379B1_mask.png
HI16014828V1.jpg,HI16014828V1_mask.png
ML8761B1.jpg,ML8761B1_mask.png
ML2432B1.jpg,ML2432B1_mask.png
MNNEPHRREPV5N1.jpg,MNNEPHRREPV5N1_mask.png
EM4794N1.jpg,EM4794N1_mask.png
MNNEPHRREP1.jpg,MNNEPHRREP1_mask.png
HI13000120M2.jpg,HI13000120M2_mask.png
ML9360N13.jpg,ML9360N13_mask.png
EM5273N2.jpg,EM5273N2_mask.png
EM5749N2.jpg,EM5749N2_mask.png
EM1210N1.jpg,EM1210N1_mask.png
EM5277B1.jpg,EM5277B1_mask.png
ML7718B11.jpg,ML7718B11_mask.png
EM5749N11.jpg,EM5749N11_mask.png
ML3952B3.jpg,ML3952B3_mask.png
18P14882M1.jpg,18P14882M1_mask.png
EM0812N1.jpg,EM0812N1_mask.png
ML3901B4.jpg,ML3901B4_mask.png
ML0234B11.jpg,ML0234B11_mask.png
ML7746B4.jpg,ML7746B4_mask.png
ML0229B1.jpg,ML0229B1_mask.png
ML7718B9.jpg,ML7718B9_mask.png
ML3098B3.jpg,ML3098B3_mask.png
EM0812N5.jpg,EM0812N5_mask.png
HI10008766M1.jpg,HI10008766M1_mask.png
EM2638N4.jpg,EM2638N4_mask.png
EM7187B3.jpg,EM7187B3_mask.png
HI17004631.jpg,HI17004631_mask.png
HI10004067V1.jpg,HI10004067V1_mask.png
EM2905B1.jpg,EM2905B1_mask.png
ML7718B2.jpg,ML7718B2_mask.png
ML1745B1.jpg,ML1745B1_mask.png
ML7746B6.jpg,ML7746B6_mask.png
EM6827N1.jpg,EM6827N1_mask.png
ML0805B1.jpg,ML0805B1_mask.png
ML1745B3.jpg,ML1745B3_mask.png
EM6276N1.jpg,EM6276N1_mask.png
ML7187B1.jpg,ML7187B1_mask.png
HI10008766M4.jpg,HI10008766M4_mask.png
ML0234B6.jpg,ML0234B6_mask.png
HI12006415M1.jpg,HI12006415M1_mask.png
EM5044B1.jpg,EM5044B1_mask.png
ML4989BB1.jpg,ML4989BB1_mask.png
ML7066B6.jpg,ML7066B6_mask.png
EM2983B1.jpg,EM2983B1_mask.png
EM5749N1.jpg,EM5749N1_mask.png
ML5699B4.jpg,ML5699B4_mask.png
ML7043N2.jpg,ML7043N2_mask.png
ML2551B1.jpg,ML2551B1_mask.png
EM5273N1.jpg,EM5273N1_mask.png
ML3901B3.jpg,ML3901B3_mask.png
EM6897N2.jpg,EM6897N2_mask.png
HI12012243V1.jpg,HI12012243V1_mask.png
ML1717B1.jpg,ML1717B1_mask.png
ML9564BB2.jpg,ML9564BB2_mask.png
HI12008761M3.jpg,HI12008761M3_mask.png
ML7746B2.jpg,ML7746B2_mask.png
HI12008761M2.jpg,HI12008761M2_mask.png
ML1516BB1.jpg,ML1516BB1_mask.png
EM7187B1.jpg,EM7187B1_mask.png
ML0029B8.jpg,ML0029B8_mask.png
EM2638N2.jpg,EM2638N2_mask.png
ML0901B5.jpg,ML0901B5_mask.png
ML1742B3.jpg,ML1742B3_mask.png
HI12001686V1.jpg,HI12001686V1_mask.png
EM0846N1.jpg,EM0846N1_mask.png
ML2551B2.jpg,ML2551B2_mask.png
ML7187B4.jpg,ML7187B4_mask.png
HI16000933V1.jpg,HI16000933V1_mask.png
ML4440B1.jpg,ML4440B1_mask.png
HI15004554V1.jpg,HI15004554V1_mask.png
ML7066B8.jpg,ML7066B8_mask.png
HI11004488M1.jpg,HI11004488M1_mask.png
HI19000370V1.jpg,HI19000370V1_mask.png
ML2807B1.jpg,ML2807B1_mask.png
EM4475B1.jpg,EM4475B1_mask.png
EM5749N6.jpg,EM5749N6_mask.png
EM4475B2.jpg,EM4475B2_mask.png
ML7746B1.jpg,ML7746B1_mask.png
EM5801B1.jpg,EM5801B1_mask.png
ML1745B2.jpg,ML1745B2_mask.png
ML7066B3.jpg,ML7066B3_mask.png
EM7187B4.jpg,EM7187B4_mask.png
ML6935BB1.jpg,ML6935BB1_mask.png
17P15409M3.jpg,17P15409M3_mask.png
EM5749N4.jpg,EM5749N4_mask.png
ML68933BB3.jpg,ML68933BB3_mask.png
HI12008761M4.jpg,HI12008761M4_mask.png
ML9360N14.jpg,ML9360N14_mask.png
ML4989BB6.jpg,ML4989BB6_mask.png
ML1745B7.jpg,ML1745B7_mask.png
ML2551B10.jpg,ML2551B10_mask.png
HI15011016V1.jpg,HI15011016V1_mask.png
ML7187B3.jpg,ML7187B3_mask.png
ML0234B1.jpg,ML0234B1_mask.png
ML0029B1.jpg,ML0029B1_mask.png
HI09000760M1.jpg,HI09000760M1_mask.png
ML5745B1.jpg,ML5745B1_mask.png
ML9360N15.jpg,ML9360N15_mask.png
EM5749N3.jpg,EM5749N3_mask.png
ML7187B2.jpg,ML7187B2_mask.png
ML3901B2.jpg,ML3901B2_mask.png
HI17003941V1.jpg,HI17003941V1_mask.png
16P10748M1.jpg,16P10748M1_mask.png
ML0790BB2.jpg,ML0790BB2_mask.png
HI14012845V1.jpg,HI14012845V1_mask.png
ML2551B3.jpg,ML2551B3_mask.png
ML1742B1.jpg,ML1742B1_mask.png
ML0577B1.jpg,ML0577B1_mask.png
HI17003020V1.jpg,HI17003020V1_mask.png
ML5509BB4.jpg,ML5509BB4_mask.png
ML1036B5.jpg,ML1036B5_mask.png
HI15000805M1.jpg,HI15000805M1_mask.png
EM4576B1.jpg,EM4576B1_mask.png
EM8940B1.jpg,EM8940B1_mask.png
HI10001675M4.jpg,HI10001675M4_mask.png
ML4492B1.jpg,ML4492B1_mask.png
ML0901B1.jpg,ML0901B1_mask.png
HI13007757M1.jpg,HI13007757M1_mask.png
EM6827N5.jpg,EM6827N5_mask.png
17P15409M1.jpg,17P15409M1_mask.png
EM2037N1.jpg,EM2037N1_mask.png
ML5509B1.jpg,ML5509B1_mask.png
ML1036B1.jpg,ML1036B1_mask.png
18P4202.jpg,18P4202_mask.png
ML9360N12.jpg,ML9360N12_mask.png
EM8940B2.jpg,EM8940B2_mask.png
ML4132B1.jpg,ML4132B1_mask.png
ML0846B1.jpg,ML0846B1_mask.png
ML4154BB5.jpg,ML4154BB5_mask.png
EM0780B1.jpg,EM0780B1_mask.png
ML5321B2.jpg,ML5321B2_mask.png
ML9360N2.jpg,ML9360N2_mask.png
ML2551B6.jpg,ML2551B6_mask.png
EM2983B2.jpg,EM2983B2_mask.png
EM5801B2.jpg,EM5801B2_mask.png
ML9360N17.jpg,ML9360N17_mask.png
ML5385B1.jpg,ML5385B1_mask.png
ML7746B10.jpg,ML7746B10_mask.png
EM4831B1.jpg,EM4831B1_mask.png
ML8147B1.jpg,ML8147B1_mask.png
ML3771B1.jpg,ML3771B1_mask.png
HI13007757M4.jpg,HI13007757M4_mask.png
ML2122B2.jpg,ML2122B2_mask.png
ML2122B4.jpg,ML2122B4_mask.png
HI12008761M1.jpg,HI12008761M1_mask.png
EM4791N3.jpg,EM4791N3_mask.png
ML0234B4.jpg,ML0234B4_mask.png
ML1036B4.jpg,ML1036B4_mask.png
ML3098B1.jpg,ML3098B1_mask.png
HI13011006.jpg,HI13011006_mask.png
ML9564B1.jpg,ML9564B1_mask.png
HI13002516.jpg,HI13002516_mask.png
HI14011644.jpg,HI14011644_mask.png
ML5253B1.jpg,ML5253B1_mask.png
ML4631B1.jpg,ML4631B1_mask.png
ML2914B1.jpg,ML2914B1_mask.png
ML1516BB4.jpg,ML1516BB4_mask.png
EM6827N3.jpg,EM6827N3_mask.png
ML8555B1.jpg,ML8555B1_mask.png
ML7379B2.jpg,ML7379B2_mask.png
ML0778B1.jpg,ML0778B1_mask.png
ML0901B2.jpg,ML0901B2_mask.png
EM2905B2.jpg,EM2905B2_mask.png
ML3762B1.jpg,ML3762B1_mask.png
ML4989BB4.jpg,ML4989BB4_mask.png
ML7746B9.jpg,ML7746B9_mask.png
ML2351B1.jpg,ML2351B1_mask.png
ML20BB1.jpg,ML20BB1_mask.png
HI15002983.jpg,HI15002983_mask.png
ML20BB2.jpg,ML20BB2_mask.png
EM6276N3.jpg,EM6276N3_mask.png
HI11011100V1.jpg,HI11011100V1_mask.png
HI14000805.jpg,HI14000805_mask.png
ML2551B8.jpg,ML2551B8_mask.png
ML0234B10.jpg,ML0234B10_mask.png
ML0234B3.jpg,ML0234B3_mask.png
EM5749N12.jpg,EM5749N12_mask.png
ML0234B12.jpg,ML0234B12_mask.png
ML4154BB2.jpg,ML4154BB2_mask.png
EM3082B1.jpg,EM3082B1_mask.png
EM2467B1.jpg,EM2467B1_mask.png
ML7567B1.jpg,ML7567B1_mask.png
ML7043N1.jpg,ML7043N1_mask.png
EM7043N2.jpg,EM7043N2_mask.png
EM0812N3.jpg,EM0812N3_mask.png
EM0812N4.jpg,EM0812N4_mask.png
EM147B2.jpg,EM147B2_mask.png
ML9360N1.jpg,ML9360N1_mask.png
ML5509BB1.jpg,ML5509BB1_mask.png
ML0790B1.jpg,ML0790B1_mask.png
HI12000967.jpg,HI12000967_mask.png
ML68933BB5.jpg,ML68933BB5_mask.png
EM5749N7.jpg,EM5749N7_mask.png
ML7187B10.jpg,ML7187B10_mask.png
EM0846N2.jpg,EM0846N2_mask.png
HI13005396V1.jpg,HI13005396V1_mask.png
ML2551B7.jpg,ML2551B7_mask.png
ML2122B1.jpg,ML2122B1_mask.png
ML1516BB3.jpg,ML1516BB3_mask.png
ML0846B5.jpg,ML0846B5_mask.png
ML6935B1.jpg,ML6935B1_mask.png
ML2122B3.jpg,ML2122B3_mask.png
ML0790BB1.jpg,ML0790BB1_mask.png
ML1840B1.jpg,ML1840B1_mask.png
MNNEPHRREP4.jpg,MNNEPHRREP4_mask.png
EM2638N1.jpg,EM2638N1_mask.png
ML0901B3.jpg,ML0901B3_mask.png
EM2496B1.jpg,EM2496B1_mask.png
ML2432B5.jpg,ML2432B5_mask.png
ML1117B1.jpg,ML1117B1_mask.png
EM7187B2.jpg,EM7187B2_mask.png
ML0040B2.jpg,ML0040B2_mask.png
EM4794N2.jpg,EM4794N2_mask.png
ML2551B9.jpg,ML2551B9_mask.png
ML7066B2.jpg,ML7066B2_mask.png
EM6827N4.jpg,EM6827N4_mask.png
20P3397M1.jpg,20P3397M1_mask.png
ML0901B4.jpg,ML0901B4_mask.png
ML7746B11.jpg,ML7746B11_mask.png
EM5749N5.jpg,EM5749N5_mask.png
MNNEPHRREPV4N1.jpg,MNNEPHRREPV4N1_mask.png
ML8940B8.jpg,ML8940B8_mask.png
ML7718B1.jpg,ML7718B1_mask.png
EM1143B1.jpg,EM1143B1_mask.png
EM1644B1.jpg,EM1644B1_mask.png
EM6827N6.jpg,EM6827N6_mask.png
HI15007066.jpg,HI15007066_mask.png
16P9867M1.jpg,16P9867M1_mask.png
HI16002807.jpg,HI16002807_mask.png
EM0147B1.jpg,EM0147B1_mask.png
ML2694BB1.jpg,ML2694BB1_mask.png
ML7746B5.jpg,ML7746B5_mask.png
ML4022B1.jpg,ML4022B1_mask.png
HI150130683V1.jpg,HI150130683V1_mask.png
ML7746B12.jpg,ML7746B12_mask.png
HI15010438M1.jpg,HI15010438M1_mask.png
ML5321B1.jpg,ML5321B1_mask.png
EM6897N1.jpg,EM6897N1_mask.png
ML5699B7.jpg,ML5699B7_mask.png
EM4440B2.jpg,EM4440B2_mask.png
ML4154BB4.jpg,ML4154BB4_mask.png
HI13006893V1.jpg,HI13006893V1_mask.png
MNNEPHRREPV3N3.jpg,MNNEPHRREPV3N3_mask.png
EM5749N8.jpg,EM5749N8_mask.png
ML0234B2.jpg,ML0234B2_mask.png
EM0780B2.jpg,EM0780B2_mask.png
HI20004989V1.jpg,HI20004989V1_mask.png
ML5509BB2.jpg,ML5509BB2_mask.png
ML0846B6.jpg,ML0846B6_mask.png
ML5670B1.jpg,ML5670B1_mask.png
HI17004132.jpg,HI17004132_mask.png
HI19010455V1.jpg,HI19010455V1_mask.png
ML7746B13.jpg,ML7746B13_mask.png
EM6781B1.jpg,EM6781B1_mask.png
ML1036B6.jpg,ML1036B6_mask.png
EM4791N4.jpg,EM4791N4_mask.png
ML3771B8.jpg,ML3771B8_mask.png
HI17013365V1.jpg,HI17013365V1_mask.png
ML5699B2.jpg,ML5699B2_mask.png
HI15002284M2.jpg,HI15002284M2_mask.png
HI11111573M4.jpg,HI11111573M4_mask.png
16P9867M2.jpg,16P9867M2_mask.png
HI13007757M3.jpg,HI13007757M3_mask.png
ML0581B1.jpg,ML0581B1_mask.png
ML0234B5.jpg,ML0234B5_mask.png
EM3082B2.jpg,EM3082B2_mask.png
ML9360N3.jpg,ML9360N3_mask.png
HI15011116.jpg,HI15011116_mask.png
ML7685B1.jpg,ML7685B1_mask.png
EM2638N3.jpg,EM2638N3_mask.png
ML3901B1.jpg,ML3901B1_mask.png
20P3027M2.jpg,20P3027M2_mask.png
16P9867M3.jpg,16P9867M3_mask.png
EM0846N3.jpg,EM0846N3_mask.png
ML7379B7.jpg,ML7379B7_mask.png
ML7379B3.jpg,ML7379B3_mask.png
EM4791N2.jpg,EM4791N2_mask.png
EM9486B2.jpg,EM9486B2_mask.png
HI15005307M1.jpg,HI15005307M1_mask.png
HI12005807M2.jpg,HI12005807M2_mask.png
ML3952B1.jpg,ML3952B1_mask.png
ML0581B3.jpg,ML0581B3_mask.png
